id,book_title,book_author,book_narrator,book_genre,book_year,book_length,book_publisher,image_link,amazon_link,amazon_price,goodreads
2649,Happiness:  A Memoir ,,,,,,,,,,
12385,Dark Money The Hidden History of the Billionaires,,,,,,,,,,
12234,A Warning ,,,,,,,,,,
12232,"A Man for All Markets From Las Vegas to Wall Street, How I Beat the Dealer and the Market",,,,,,,,,,
288,The Peregrine,,,,,,,,,,
318,TTC Audio - How Great Science Fiction Works,,,,,,,,,,
442,Collection - Top 25 TTC Audio Lectures,,,,,,,,,,
452,The Logic of Life The Rational Economics of an Irrational World ,,,,,,,,,,
468,TTC Audio - Masters of War History's Greatest Strategic Thinkers,,,,,,,,,,
492,TTC Audio - The Art of Conflict - Michael Dues,,,,,,,,,,
501,How Money Became Dangerous ,,,,,,,,,,
503,Mindfck Cambridge Analytica and the Plot to Break America ,,,,,,,,,,
546,TTC Audio - Practicing Mindfulness An Introduction to Meditation ,,,,,,,,,,
762,Bluebeard,,,,,,,,,,
764,Breakfast of Champions,,,,,,,,,,
766,Cats Cradle,,,,,,,,,,
768,Deadeye Dick,,,,,,,,,,
770,Jailbird,,,,,,,,,,
772,Kurt Vonnegut Jr Audio Collection,,,,,,,,,,
774,Player Piano,,,,,,,,,,
776,Slaughterhouse-Five,,,,,,,,,,
778,The Sirens of Titan,,,,,,,,,,
780,Timequake,,,,,,,,,,
809,TTC Audio - Biology ,,,,,,,,,,
852,The Gulag Archipelago ,,,,,,,,,,
942,Billion Dollar Whale,,,,,,,,,,
966,Dating Essentials for Men The Only Dating Guide You Will Ever Need,,,,,,,,,,
1021,Caffeine,,,,,,,,,,
1023,"Go Down, Moses ",,,,,,,,,,
1119,TTC Audio - Exploring Metaphysics,,,,,,,,,,
1121,TTC Audio - Food A Cultural Culinary History,,,,,,,,,,
1221,"Manipulation Mastery How to Analyze, Influence, and Manipulate Human Behavior with Mind Control",,,,,,,,,,
1223,The Handmaid's Tale ,,,,,,,,,,
1273,Collection - Top 100 Science Fiction Audio Books,,,,,,,,,,
1398,The Tale of Genji,,,,,,,,,,
1428,"TTC Audio - History of the Ancient World, A Global Perspective",,,,,,,,,,
1430,TTC Audio - History's Great Military Blunders and the Lessons They Teach,,,,,,,,,,
1432,"TTC Audio - How Conversation Works, 6 Lessons for Better Communication",,,,,,,,,,
1473,"A Collective Bargain, Unions, Organizing, and the Fight for Democracy ",,,,,,,,,,
1476,The Magician ,,,,,,,,,,
1488,TTC Audio - Effective Communication Skills 2011,,,,,,,,,,
1506,"The Theft of India, The European Conquests of India, 1498-1765",,,,,,,,,,
1932,A Personal Matter ,,,,,,,,,,
2255,Men on Strike ,,,,,,,,,,
2334,Post Office ,,,,,,,,,,
2336,Women ,,,,,,,,,,
2339,Factotum ,,,,,,,,,,
2341,We,,,,,,,,,,
2342,At Terror Street and Agony Way,,,,,,,,,,
2344,"Neither Bought For Gold, Nor To The Devil Sold- The Life And Hazardous Times Of Charles Bukowski",,,,,,,,,,
2345,Solid Citizen ,,,,,,,,,,
2347,Uncensored ,,,,,,,,,,
2349,Ham on Rye ,,,,,,,,,,
2352,Hollywood ,,,,,,,,,,
2354,Hot Water Music ,,,,,,,,,,
2439,The Story of Civilization,,,,,,,,,,
2563,The Dharma Bums,,,,,,,,,,
2565,The Call of the Wild,,,,,,,,,,
2593,Building a Life Worth Living A Memoir,,,,,,,,,,
2602,"Human Diversity - The Biology of Gender, Race, and Class ",,,,,,,,,,
2612,The Orchid Thief,,,,,,,,,,
2652,TTC Audio - How to Program,,,,,,,,,,
2677,David Walliams,,,,,,,,,,
2746,Dune Saga,,,,,,,,,,
2848,This is Going to Hurt,,,,,,,,,,
2862,Edison ,,,,,,,,,,
2909,Grokking Algorithms ,,,,,,,,,,
2922,TTC Audio - Economics,,,,,,,,,,
2923,TTC Audio - The Surveillance State,,,,,,,,,,
2940,TTC Audio - Cognitive Behavioral Therapy,,,,,,,,,,
2942,TTC Audio - Understanding Genetics ,,,,,,,,,,
2944,TTC Audio - What Darwin Didnt Know The Modern Science of Evolution,,,,,,,,,,
3008,TTC Audio - Conquest of the Americas,,,,,,,,,,
3010,TTC Audio - Critical Business Skills for Success,,,,,,,,,,
4001,Adventures of Huckleberry Finn,,,,,,,,,,
11534,"I'm Sorry, Folks",,,,,,,,,,
11536,Dangerous,,,,,,,,,,
11538,Live @ The Chicago Funny Firm,,,,,,,,,,
11540,Flying Saucer Tour ,,,,,,,,,,
11542,Relentless,,,,,,,,,,
11544,Dark Poet,,,,,,,,,,
11546,New College - Live @ Egham ,,,,,,,,,,
11548,Relentless In Montreal,,,,,,,,,,
11550,"Live @ lgby's, Frisco ",,,,,,,,,,
11552,Revelations ,,,,,,,,,,
11554,Arizona Bay,,,,,,,,,,
11556,Rant In E-Minor,,,,,,,,,,
11558,Queens Theatre Snow ,,,,,,,,,,
11560,"Philosophy, The Best Of Bill Hicks",,,,,,,,,,
11562,"Love, Laughter And Truth",,,,,,,,,,
11564,Shock And Awe ,,,,,,,,,,
11566,Salvation ,,,,,,,,,,
11568,Burns and Carlin at the Playboy Club,,,,,,,,,,
11570,Take-Offs and Put-Ons,,,,,,,,,,
11572,Class Clown,,,,,,,,,,
11574,FM & AM,,,,,,,,,,
11576,Occupation Foole,,,,,,,,,,
11578,Toledo Window Box,,,,,,,,,,
11580,An Evening with Wally Londo Featuring Bill Slaszo,,,,,,,,,,
11582,On the Road,,,,,,,,,,
11584,A Place for My Stuff,,,,,,,,,,
11586,Carlin on Campus,,,,,,,,,,
11588,Playin' with Your Head,,,,,,,,,,
11590,What Am | Doing In New Jersey_,,,,,,,,,,
11592,Parental Advisory- Explicit Lyrics,,,,,,,,,,
11594,Jammin' in New York,,,,,,,,,,
11596,Back in Town,,,,,,,,,,
11598,Brain Droppings,,,,,,,,,,
11600,You Are All Diseased,,,,,,,,,,
11602,Complaints and Grievances,,,,,,,,,,
11604,Napalm and Silly Putty,,,,,,,,,,
11606,George Carlin on Comedy,,,,,,,,,,
11608,Life Is Worth Losing ,,,,,,,,,,
11610,When Will Jesus Bring The Pork Chops,,,,,,,,,,
11612,Kinda Like It When a Lotta People Die,,,,,,,,,,
11614,"The Early Years, George Carlin",,,,,,,,,,
11616,Sick Humor Of Lenny Bruce,,,,,,,,,,
11618,Togetherness,,,,,,,,,,
11620,Carnegie Hall Concert,,,,,,,,,,
11622,"To Is A Preposition, Come Is A Verb",,,,,,,,,,
11624,"Warning, Lenny Bruce Is Out Again",,,,,,,,,,
11626,Busted (Live),,,,,,,,,,
11628,"Essential Lenny Bruce, Politics",,,,,,,,,,
11630,The Berkeley Concert,,,,,,,,,,
11632,Shut Your Mouth and Open Your Mind,,,,,,,,,,
11634,Let The Buyer Beware,,,,,,,,,,
11636,"Lenny Bruce, Originals",,,,,,,,,,
11638,And Its Deep Too ,,,,,,,,,,
11640,Bicentennial Nigger,,,,,,,,,,
11642,Good Shit From the Vaults,,,,,,,,,,
11644,Here And Now,,,,,,,,,,
11646,Is It Something I Said,,,,,,,,,,
11648,Live on Sunset Strip,,,,,,,,,,
11650,Richard Pryor,,,,,,,,,,
11652,The Anthology({1968-1992),,,,,,,,,,
11654,That Nigger's Crazy,,,,,,,,,,
11656,Wanted Live In Concert,,,,,,,,,,
11658,Killing Them Softly,,,,,,,,,,
11660,For What Its Worth,,,,,,,,,,
11662,Deep in the Heart of Texas ,,,,,,,,,,
11664,Equanimity,,,,,,,,,,
11666,Sticks and Stones,,,,,,,,,,
11668,Hilarious,,,,,,,,,,
11670,Live In Houston,,,,,,,,,,
11672,Shameless,,,,,,,,,,
11674,Unmasked,,,,,,,,,,
11676,Chewed Up ,,,,,,,,,,
11678,Beacon Theatre,,,,,,,,,,
11680,Oh My God 2013,,,,,,,,,,
11682,One Night Stand,,,,,,,,,,
11684,Emotionally Unavailable,,,,,,,,,,
11686,Walk Your Way Out ,,,,,,,,,,
11688,Im Sorry You Feel That Way ,,,,,,,,,,
11690,Paper Tiger ,,,,,,,,,,
11692,You People Are All The Same ,,,,,,,,,,
11694,Do You Believe In Gosh,,,,,,,,,,
11696,Mitch All Together,,,,,,,,,,
11698,"Live in Chicago, Mitch Hedberg ",,,,,,,,,,
11700,Strategic Grill Locations,,,,,,,,,,
11702,Bring The Pain ,,,,,,,,,,
11704,Bigger And Blacker ,,,,,,,,,,
11706,Kill The Messenger ,,,,,,,,,,
11708,Never Scared ,,,,,,,,,,
11710,Big Ass Jokes ,,,,,,,,,,
11712,Tamborine ,,,,,,,,,,
11714,Throbbing Python Of Love ,,,,,,,,,,
11716,A Night At The Met ,,,,,,,,,,
11718,Robin Williams & Ry Cooder - Pecos Bill ,,,,,,,,,,
11720,Live 2002 ,,,,,,,,,,
11722,"Reality, What A Concept! ",,,,,,,,,,
11724,Weapons Of Self Destruction,,,,,,,,,,
11726,New In Town ,,,,,,,,,,
11728,The Top Part ,,,,,,,,,,
11730,The Comeback Kid ,,,,,,,,,,
11732,Kid Gorgeous at Radio city ,,,,,,,,,,
11734,Norm Macdonald,,,,,,,,,,
11736,Steve Martin,,,,,,,,,,
11738,Sarah Silverman,,,,,,,,,,
11740,David Cross,,,,,,,,,,
11742,Eddie Murphy,,,,,,,,,,
11744,Ellen DeGeneres,,,,,,,,,,
11746,Redd Foxx,,,,,,,,,,
11748,Rodney Dangerfield,,,,,,,,,,
11750,Woody Allen,,,,,,,,,,
11752,Dave Attell,,,,,,,,,,
11754,Doug Stanhope,,,,,,,,,,
11756,Bob Newhart,,,,,,,,,,
11758,Joe Rogan,,,,,,,,,,
11760,Werewolves and Lollipops,,,,,,,,,,
11762,Luther Burbank Performing Arts Center Blues ,,,,,,,,,,
11764,Nothing's Sacred ,,,,,,,,,,
11766,Rules of Enragement ,,,,,,,,,,
11768,The End of the Universe ,,,,,,,,,,
11770,The White Album ,,,,,,,,,,
11772,"I, Robot ",,,,,,,,,,
11774,The Complete Robot ,,,,,,,,,,
11776,Robot Dreams ,,,,,,,,,,
11778,Robot Visions ,,,,,,,,,,
11780,The Positronic Man ,,,,,,,,,,
11782,Mother Earth ,,,,,,,,,,
11784,Caves Of Steel - Robot Series Book 1 ,,,,,,,,,,
11786,The Naked Sun - Robot Series Book 2 ,,,,,,,,,,
11788,The Robots of Dawn - Robot Series Book 3 ,,,,,,,,,,
11790,Robots and Empire - Robot Series Book 4 ,,,,,,,,,,
11792,"The Stars, Like Dust - Empire Book 1 ",,,,,,,,,,
11794,The Currents of Space - Empire Book 2 ,,,,,,,,,,
11796,Pebble in the Sky - Empire Book 3 ,,,,,,,,,,
11798,Foundation - Foundation Book 1 ,,,,,,,,,,
11800,Foundation and Empire - Foundation Book 2 ,,,,,,,,,,
11802,Second Foundation - Foundation Book 3 ,,,,,,,,,,
11804,Foundation's Edge - Foundation Book 4 ,,,,,,,,,,
11806,Foundation and Earth - Foundation Book 5 ,,,,,,,,,,
11808,Prelude to Foundation - Foundation Book 6 ,,,,,,,,,,
11810,Forward the Foundation - Foundation Book 7 ,,,,,,,,,,
11812,The End of Eternity - Isaac,,,,,,,,,,
11814,Nightfall and Other Stories ,,,,,,,,,,
11816,Nemesis ,,,,,,,,,,
11818,Fantastic Voyage ,,,,,,,,,,
11820,The Realm of Numbers ,,,,,,,,,,
11822,Our Angry Earth ,,,,,,,,,,
11824,Azazel ,,,,,,,,,,
11826,The Greeks ,,,,,,,,,,
11828,Opus 200 ,,,,,,,,,,
11830,The Complete Foundation,,,,,,,,,,
11832,Gods Themselves ,,,,,,,,,,
11834,Crime and Punishment ,,,,,,,,,,
11836,The Idiot,,,,,,,,,,
11838,The Brothers Karamazov,,,,,,,,,,
11840,The Gambler,,,,,,,,,,
11842,Notes from Underground,,,,,,,,,,
11844,Devils,,,,,,,,,,
11846,The Double,,,,,,,,,,
11848,Dream of a Ridiculous Man ,,,,,,,,,,
11850,A Gentle Spirit ,,,,,,,,,,
11852,Poor People ,,,,,,,,,,
11854,The Adolescent ,,,,,,,,,,
11856,In Search of Nature,,,,,,,,,,
11858,Infinite Powers,,,,,,,,,,
11860,"Blockchain 4-in-1 Bundle Blockchain, Smart Contracts, Investing in Ethereum, FinTech",,,,,,,,,,
11862,"Justinian's Flea, Plague, Empire, and the Birth of Europe",,,,,,,,,,
11864,Keynes Hayek,,,,,,,,,,
11866,Launch Your Dream,,,,,,,,,,
11868,Navy SEALs The Combat History,,,,,,,,,,
11870,Outwitting The Devil,,,,,,,,,,
11872,"Power, Sex, Suicide Mitochondria and the Meaning of Life",,,,,,,,,,
11874,Programming for Beginners ,,,,,,,,,,
11876,"Sexual Intelligence, What We Really Want from Sex and How to Get It",,,,,,,,,,
11878,Speaking with Power and Persuasion,,,,,,,,,,
11880,"Han Solo Trilogy, Star Wars",,,,,,,,,,
11882,"That Will Never Work, The Birth of Netflix and the Amazing Life of an Idea ",,,,,,,,,,
11884,The Art of Comedy ,,,,,,,,,,
11886,The Book of Tea ,,,,,,,,,,
11888,The Collapse of Western Civilization,,,,,,,,,,
11890,The Diving Bell and the Butterfly ,,,,,,,,,,
11892,The End Is Always Near,,,,,,,,,,
11894,The Genius Plague,,,,,,,,,,
11896,"The Go-Giver, Expanded Edition A Little Story About a Powerful Business Idea ",,,,,,,,,,
11898,The Little Book of Main Street Money,,,,,,,,,,
11900,The Nocturnal Brain,,,,,,,,,,
11902,The Politically Incorrect Guide to the Presidents,,,,,,,,,,
11904,"The Startup Way, How Entrepreneurial Management Transforms Culture and Drives Growth",,,,,,,,,,
11906,The Trial of Henry Kissinger,,,,,,,,,,
11908,The Ultimate Fitness and Wellness System,,,,,,,,,,
11910,"Waking Up, A Meditation Course",,,,,,,,,,
11912,Whistlowers Honesty in America From Washington to Trump,,,,,,,,,,
11914,Why You Eat What You Eat,,,,,,,,,,
11916,Wikinomics,,,,,,,,,,
11918,Farmer in the Sky ,,,,,,,,,,
11920,Demolished Man ,,,,,,,,,,
11922,Fahrenheit 451 ,,,,,,,,,,
11923,Midnight in Mexico ,,,,,,,,,,
11924,Double Star ,,,,,,,,,,
11926,The Big Time ,,,,,,,,,,
11928,A Case of Conscience ,,,,,,,,,,
11930,Starship Troopers ,,,,,,,,,,
11932,A Canticle for Leibowitz ,,,,,,,,,,
11934,Stranger in a Strange Land ,,,,,,,,,,
11936,The Man in the High Castle ,,,,,,,,,,
11938,Way Station ,,,,,,,,,,
11940,The Wanderer ,,,,,,,,,,
11942,Dune ,,,,,,,,,,
11944,This Immortal ,,,,,,,,,,
11946,The Moon is a Harsh Mistress ,,,,,,,,,,
11948,Lord of Light ,,,,,,,,,,
11949,Unpleasant Profession of Jonathan Hoag,,,,,,,,,,
11950,The Left Hand of Darkness ,,,,,,,,,,
11952,Ringworld ,,,,,,,,,,
11954,To Your Scattered Bodies Go ,,,,,,,,,,
11956,The Gods Themselves ,,,,,,,,,,
11958,Rendezvous with Rama ,,,,,,,,,,
11960,The Dispossessed ,,,,,,,,,,
11962,The Forever War ,,,,,,,,,,
11964,Where Late the Sweet Bird Sang ,,,,,,,,,,
11966,Gateway ,,,,,,,,,,
11968,Dreamsnake ,,,,,,,,,,
11970,The Fountains of Paradise ,,,,,,,,,,
11972,The Snow Queen ,,,,,,,,,,
11974,Downbelow Station ,,,,,,,,,,
11976,Foundations Edge ,,,,,,,,,,
11978,Startide Rising ,,,,,,,,,,
11980,Neuromancer ,,,,,,,,,,
11982,Ender's Game ,,,,,,,,,,
11984,Speaker for the Dead ,,,,,,,,,,
11986,Uplift War ,,,,,,,,,,
11988,Cyteen ,,,,,,,,,,
11990,Hyperion ,,,,,,,,,,
11992,The Vor Game ,,,,,,,,,,
11994,Barrayar ,,,,,,,,,,
11996,A Fire Upon the Deep ,,,,,,,,,,
11998,Green Mars ,,,,,,,,,,
12000,Mirror Dance ,,,,,,,,,,
12002,The Diamond Age ,,,,,,,,,,
12004,Blue Mars ,,,,,,,,,,
12006,Forever Peace ,,,,,,,,,,
12008,To Say Nothing of the Dog ,,,,,,,,,,
12010,A Deepness in the Sky ,,,,,,,,,,
12012,Harry Potter and the Goblet of Fire ,,,,,,,,,,
12014,American Gods ,,,,,,,,,,
12016,Hominids ,,,,,,,,,,
12018,Paladin of Souls ,,,,,,,,,,
12020,Jonathan Strange ,,,,,,,,,,
12022,Spin ,,,,,,,,,,
12024,Rainbows End ,,,,,,,,,,
12026,The Yiddish Policemen's Union ,,,,,,,,,,
12028,The Graveyard Book ,,,,,,,,,,
12030,The City & The City ,,,,,,,,,,
12032,The Windup Girl ,,,,,,,,,,
12034,Blackout ,,,,,,,,,,
12036,Among Others ,,,,,,,,,,
12038,Redshirts ,,,,,,,,,,
12040,Ancillary Justice ,,,,,,,,,,
12042,The Three,,,,,,,,,,
12044,The Fifth Season ,,,,,,,,,,
12046,The Obelisk Gate ,,,,,,,,,,
12048,The Stone Sky ,,,,,,,,,,
12050,The Calculating Stars A Lady Astronaut ,,,,,,,,,,
12052,Exploitative Play in Live Poker How to Manipulate Your Opponents into Making Mistakes ,,,,,,,,,,
12054,Flawless ,,,,,,,,,,
12056,"Goliath, The 100 Year War Between Monopoly Power and Democracy ",,,,,,,,,,
12058,Googie Speaks Secrets of the World's Greatest ,,,,,,,,,,
12060,Gotta Get Theroux This ,,,,,,,,,,
12062,How Life Imitates Chess ,,,,,,,,,,
12064,How Music Works ,,,,,,,,,,
12066,How to Be a Dictator ,,,,,,,,,,
12068,How to Feed a Brain ,,,,,,,,,,
12070,"Improve Your Conversations Think on Your Feet, Witty Banter, and Always Know What to Say with Improv Comedy",,,,,,,,,,
12072,Dune ,,,,,,,,,,
12074,Flowers for Algernon ,,,,,,,,,,
12076,Contagious - Why Things Catch On ,,,,,,,,,,
12078,Ball 17 ,,,,,,,,,,
12080,The Einstein Intersection ,,,,,,,,,,
12082,The Left Hand of Darkness ,,,,,,,,,,
12084,Ringworld ,,,,,,,,,,
12086,A Time of Changes Unabr ,,,,,,,,,,
12088,The Gods Themselves ,,,,,,,,,,
12090,Rendezvous With Rama ,,,,,,,,,,
12092,The Dispossessed ,,,,,,,,,,
12094,The Forever War ,,,,,,,,,,
12096,Man Plus ,,,,,,,,,,
12098,Gateway ,,,,,,,,,,
12100,Dreamsnake ,,,,,,,,,,
12102,The Fountains of Paradise ,,,,,,,,,,
12104,Timescape ,,,,,,,,,,
12106,Claw of the Conciliator ,,,,,,,,,,
12108,No Enemy But Time ,,,,,,,,,,
12110,Startide Rising ,,,,,,,,,,
12112,Neuromancer ,,,,,,,,,,
12114,Ender's Game ,,,,,,,,,,
12116,Speaker for the Dead ,,,,,,,,,,
12118,Falling Free ,,,,,,,,,,
12120,The Falling Woman ,,,,,,,,,,
12122,The Healer's War ,,,,,,,,,,
12124,Tehanu ,,,,,,,,,,
12126,Stations of the Tide ,,,,,,,,,,
12128,Doomsday Book ,,,,,,,,,,
12130,Red Mars ,,,,,,,,,,
12132,Moving Mars ,,,,,,,,,,
12134,The Terminal Experiment ,,,,,,,,,,
12136,Slow River ,,,,,,,,,,
12138,The Moon and the Sun ,,,,,,,,,,
12140,Forever Peace ,,,,,,,,,,
12142,Parable of the Talents ,,,,,,,,,,
12144,Darwin's Radio ,,,,,,,,,,
12146,The Quantum Rose ,,,,,,,,,,
12147,American Gods ,,,,,,,,,,
12148,The Speed of Dark ,,,,,,,,,,
12150,American Gods 10th Anniversary ,,,,,,,,,,
12151,Paladin Of Souls ,,,,,,,,,,
12152,Norse Mythology ,,,,,,,,,,
12154,Camouflage ,,,,,,,,,,
12156,Seeker ,,,,,,,,,,
12158,The Yiddish Policemen's Union ,,,,,,,,,,
12160,Powers ,,,,,,,,,,
12162,The Windup Girl ,,,,,,,,,,
12164,Blackout and All Clear ,,,,,,,,,,
12166,Among Others ,,,,,,,,,,
12168,2312,,,,,,,,,,
12170,Ancillary Justice ,,,,,,,,,,
12172,Annihilation ,,,,,,,,,,
12174,Uprooted ,,,,,,,,,,
12176,All the Birds in the Sky ,,,,,,,,,,
12178,The Stone Sky ,,,,,,,,,,
12180,The Calculating Stars A Lady Astronaut ,,,,,,,,,,
12182,The Antichrist,,,,,,,,,,
12184,Twilight of the Idols,,,,,,,,,,
12186,Beyond Good and Evil,,,,,,,,,,
12188,On the Genealogy of Morals,,,,,,,,,,
12190,"Thus Spoke Zarathustra, A Book for All and None",,,,,,,,,,
12192,The Gay Science,,,,,,,,,,
12194,"Human, All Too Human A Book for Free Spirits",,,,,,,,,,
12196,Untimely Considerations,,,,,,,,,,
12198,The Birth of Tragedy,,,,,,,,,,
12200,The Will to Power An Attempted Transvaluation of All Values,,,,,,,,,,
12202,"I Am Dynamite, The Life of Nietzsche",,,,,,,,,,
12204,TTC  Nietzsche and the Post Modern Condition,,,,,,,,,,
12206,"TTC  Will to Power, The Philosophy of Friedrich Nietzsche",,,,,,,,,,
12208,Rite of Passage,,,,,,,,,,
12210,No ls Not Enough,,,,,,,,,,
12212,The Reactionary Mind,,,,,,,,,,
12214,"Impeach, The Case Against Donald Trump",,,,,,,,,,
12216,The Man Who Sold America,,,,,,,,,,
12218,"How Trump Won, The Inside Story",,,,,,,,,,
12220,"Commander In Cheat, How Golf Explains Trump",,,,,,,,,,
12222,Proof of Conspiracy How Trump's International Collusion Is Threatening American Democracy,,,,,,,,,,
12224,The Making of Donald Trump,,,,,,,,,,
12228,Media Madness Donald Trump the Press and the War over the Truth,,,,,,,,,,
12230,5 Voices ,,,,,,,,,,
12236,Active Hope How to Face the Mess We're in Without Going Crazy ,,,,,,,,,,
12238,"Brit[ish] On Race, Identity and Belonging ",,,,,,,,,,
12240,"Al superpowers China, Silicon Valley, and the New World Order ",,,,,,,,,,
12242,Aristotle and Dante,,,,,,,,,,
12244,Autism Collection - Top 100 Audiobooks and eBooks,,,,,,,,,,
12246,Chasing Excellen ce A Story About Building the World's Fittest Athletes ,,,,,,,,,,
12248,Billion Dollar Whale ,,,,,,,,,,
12250,Bitcoin Explained ,,,,,,,,,,
12252,Bleak House ,,,,,,,,,,
12254,"Collection - Top 1,000 Audiobooks",,,,,,,,,,
12256,Collection - Top 10 Christopher Hitchens Audiobooks,,,,,,,,,,
12258,The Reactionary Mind ,,,,,,,,,,
12260,Crash Dump How Peter Gustafson Defragmented the World ,,,,,,,,,,
12262,Cryptocurrency Revolution - 3 Audiobooks,,,,,,,,,,
12264,"Discourse on Metaphysics, On the Ultimate Origin of Things and Other Principal Essays",,,,,,,,,,
12266,Garden State ,,,,,,,,,,
12268,Genghis Khan and the Making of the Modern World,,,,,,,,,,
12270,National Thanksgiving Proclamation ,,,,,,,,,,
12272,Grand Design ,,,,,,,,,,
12274,Howard Stern,,,,,,,,,,
12276,James Patterson ,,,,,,,,,,
12278,Great Screenwriting Secrets ,,,,,,,,,,
12280,"Horror, Fantasy and Science Fiction ",,,,,,,,,,
12282,Contagious - Why Things Catch On ,,,,,,,,,,
12284,Jonathan Strange Mr Norrell ,,,,,,,,,,
12286,Jonathan Strange and Mr Norrell ,,,,,,,,,,
12288,The Man who Sold America ,,,,,,,,,,
12290,A History of God ,,,,,,,,,,
12292,Buddha ,,,,,,,,,,
12294,Letter from President Donald  Trump to the Speaker of the House ,,,,,,,,,,
12296,The Handmaid's Tale ,,,,,,,,,,
12298,"Milk! A 10,000-Year Food Fracas ",,,,,,,,,,
12300,Mark Manson Collection ,,,,,,,,,,
12302,What Got you Here Won't Get You There ,,,,,,,,,,
12304,No Enemy But Time ,,,,,,,,,,
12306,A Brief History of Korea ,,,,,,,,,,
12308,The Tale of Genji,,,,,,,,,,
12310,My Secret Garden Women's Sexual Fantasies ,,,,,,,,,,
12312,No Is Not Enough ,,,,,,,,,,
12314,"Not Afraid, The Evolution of Eminem ",,,,,,,,,,
12316,Echo ,,,,,,,,,,
12318,"Diversity, Inc. ",,,,,,,,,,
12320,"Primed to Perform, How to Build the Highest Performing Cultures Through the Science of Total Motivation",,,,,,,,,,
12324,"Story. Substance, Structure, Style and The Principles of Screenwriting ",,,,,,,,,,
12326,Procrastinate on Purpose ,,,,,,,,,,
12328,The Einstein Intersection ,,,,,,,,,,
12330,Babel-17 ,,,,,,,,,,
12332,Save the Cat ,,,,,,,,,,
12334,Seveneves ,,,,,,,,,,
12336,Gideon the Ninth ,,,,,,,,,,
12338,The Alchemist ,,,,,,,,,,
12340,"The Anarchy, The Relentless Rise of the East India Company ",,,,,,,,,,
12342,The Four Obsessions of an Extraordinary Executive,,,,,,,,,,
12344,The Invention of Yesterday ,,,,,,,,,,
12346,The Last Machine in the Solar System,,,,,,,,,,
12348,The Plot to Betray America,,,,,,,,,,
12350,The Prepper's Guide to the End of the World - Collection 8 Best Survival Guides,,,,,,,,,,
12352,The Road to Serfdom ,,,,,,,,,,
12354,The Smartest Guys in the Room ,,,,,,,,,,
12356,The Year 1000 ,,,,,,,,,,
12358,This is Going to Hurt ,,,,,,,,,,
12360,This Is How You Lose the Time War,,,,,,,,,,
12362,Three Big Questions for a Frantic Family,,,,,,,,,,
12364,Too Big to Fail ,,,,,,,,,,
12366,Trump Impeachment Hearings - 2019,,,,,,,,,,
12368,The Sleep Solution ,,,,,,,,,,
12370,Weird Parenting Wins Bathtub Dining Family Screams and Other Hacks from the Parenting Trenches ,,,,,,,,,,
12372,What Am I Doing Here ,,,,,,,,,,
12374,Why Wall Street Matters ,,,,,,,,,,
12376,Homegoing - A Novel ,,,,,,,,,,
12377,You Can Negotiate Anything,,,,,,,,,,
12379,Hitch 22 ,,,,,,,,,,
12380,A Very Stable Genius Donald J. Trump's Testing of America,,,,,,,,,,
12381,Arguably  ,,,,,,,,,,
12382,Against Empathy,,,,,,,,,,
12383,God is Not Great  ,,,,,,,,,,
12384,Aristotle and Dante,,,,,,,,,,
12369,The Trial of Henry Kissinger  ,,,,,,,,,,
12386,Mortality ,,,,,,,,,,
12387,Economists Hour False Prophets Free Markets and the Fracture of Society,,,,,,,,,,
12388,"Thomas Jefferson, Author of America ",,,,,,,,,,
12390,Ego Is the Enemy,,,,,,,,,,
12391,Letters to a Young Contrarian,,,,,,,,,,
12392,Facebook,,,,,,,,,,
12393,And Yet... Essays ,,,,,,,,,,
12395,The Missionary Position  ,,,,,,,,,,
12396,"Farther Away, Essays ",,,,,,,,,,
12397,The Portable Atheist  ,,,,,,,,,,
12398,First Conspiracy The Secret Plot to Kill George,,,,,,,,,,
12399,"Christopher Hitchens, Talk Shows, Debates and Interviews ",,,,,,,,,,
12400,Future of Capitalism Facing the New Anxieties,,,,,,,,,,
12401,Four Horsemen ,,,,,,,,,,
12402,Gene An Intimate History,,,,,,,,,,
12403,History is No Longer Taught ,,,,,,,,,,
12404,Genghis Khan and the Making of the Modern World,,,,,,,,,,
12405,No One Left to Lie To - The Triangulations of William Jefferson Clinton,,,,,,,,,,
12406,Hymns of the Republic The Story of the Final Year of the American Civil War,,,,,,,,,,
12407,The Commonwealth Club ,,,,,,,,,,
12408,Impeachment Report The House Intelligence,,,,,,,,,,
12409,The Enemy ,,,,,,,,,,
12410,Legacy of Ashes The History of the CIA,,,,,,,,,,
12411,Thomas Paine's Rights of Man - A Biography ,,,,,,,,,,
12412,Letter from President Donald J. Trump to the Speaker of the House of Representatives,,,,,,,,,,
12413,Why Americans Are Not Taught History ,,,,,,,,,,
12414,Listening to Prozac,,,,,,,,,,
12416,Long Walk to Freedom The Autobiography of Nelson,,,,,,,,,,
12418,Man Who Solved the Market How Jim Simons Launched the Quant Revolution,,,,,,,,,,
12420,Next Millionaire Next Door Enduring Strategies,,,,,,,,,,
12422,Oregon Trail A New American Journey,,,,,,,,,,
12424,Peoples History of the United States,,,,,,,,,,
12426,Rise and Fall of the Third Reich A History of the Nazis,,,,,,,,,,
12428,The Murmur of Bees,,,,,,,,,,
20024,The Pragmatic Programmer,,,,,,,,,,
